{
  "generator-jhipster": {
    "applicationType": "gateway",
    "gitCompany": "",
    "baseName": "Demo",
    "packageName": "com.Demo",
    "packageFolder": "com/Demo",
    "serverPort": 8080,
    "serviceDiscoveryType": "eureka",
    "authenticationType": "oauth2",
    "cacheProvider": "ehcache",
    "enableHibernateCache": true,
    "websocket": false,
    "databaseType": "sql",
    "devDatabaseType": "mysql",
    "prodDatabaseType": "mysql",
    "searchEngine": false,
    "enableSwaggerCodegen": false,
    "messageBroker": false,
    "buildTool": "maven",
    "useSass": true,
    "clientPackageManager": "npm",
    "testFrameworks": ["cucumber"],
    "enableTranslation": true,
    "nativeLanguage": "en",
    "languages": ["en", "fr", "de"],
    "clientFramework": "react",
    "jhiPrefix": "jhi",
    "withAdminUi": true,
    "blueprints": [],
    "otherModules": [],
    "jhipsterVersion": "7.0.1",
    "skipClient": false,
    "skipServer": false,
    "skipUserManagement": true,
    "skipCheckLengthOfIdentifier": false,
    "skipFakeData": false,
    "entitySuffix": "",
    "dtoSuffix": "DTO",
    "pages": [],
    "creationTimestamp": 1618372701808,
    "clientTheme": "none",
    "clientThemeVariant": "",
    "reactive": false
  }
}
